point,region,lat,lon,population_mln,in_oes_northwest
spb,г. Санкт-Петербург,59.9386,30.3141,5.6,1
gatchina,Ленинградская обл.,59.5667,30.1333,2.03,1
petrozavodsk,Респ. Карелия,61.7849,34.3469,0.52,1
murmansk,Мурманская обл.,68.9585,33.0827,0.65,1
arkhangelsk,Архангельская обл.,64.5393,40.5187,0.96,1
syktyvkar,Респ. Коми,61.6688,50.8364,0.72,1
veliky_novgorod,Новгородская обл.,58.5215,31.2755,0.58,1
pskov,Псковская обл.,57.8136,28.3496,0.58,1
kaliningrad,Калининградская обл.,54.7104,20.4522,1.03,1
vologda,Вологодская обл.,59.2181,39.8886,1.13,0
