,gain
cons_lag48,1403826840674.239
cons_lag168,232674662117.34863
cons_lag72,36333870410.84481
temp_day_max,11509156748.704239
hour,11322532482.744806
cons_lag336,9520777487.358429
dow,8317878481.768819
day_type,6834426725.623932
temp_day_mean,5573261246.243922
cons_last_known,4944735646.4552965
doy_sin,4788937702.361476
temp_delta_vs_lag2,4535284437.725311
day_type_lag2,4524883436.271876
cons_prev_morning,4067579781.3232827
doy_cos,3477135969.7322593
temp_ema24,2676432837.4010873
temp_lag168,2646414843.328781
temp_day_min,2228152728.637838
dew_point_2m,2007574931.4443614
shortwave_radiation,1541101942.762563
apparent_temperature,1387435972.6783142
temp_ema72,1320747416.3731434
cons_week_mean,1089279945.514455
month,925261171.0057424
day_type_lag7,916268399.5316366
day_type_prev,576430445.8050995
cons_day_lag2,533767555.42748517
temp_day_mean_lag2,516048282.8095856
cloud_cover,466030870.7090352
temperature_2m,432956382.4725952
hdd,417408059.51923114
precipitation,410494662.9207255
relative_humidity_2m,394330986.1295522
wind_speed_10m,306548671.01279193
temp_lag48,275391687.3317515
day_type_next,110675572.72405498
